trackName,seller,genre,released,ratings,trackId,url
ウンログ-うんち記録と腸活で健康管理と便秘対策,UNLOG K.K,Health & Fitness,2012-07-14,12707,539493829,https://apps.apple.com/jp/app/%E3%82%A6%E3%83%B3%E3%83%AD%E3%82%B0-%E3%81%86%E3%82%93%E3%81%A1%E8%A8%98%E9%8C%B2%E3%81%A8%E8%85%B8%E6%B4%BB%E3%81%A7%E5%81%A5%E5%BA%B7%E7%AE%A1%E7%90%86%E3%81%A8%E4%BE%BF%E7%A7%98%E5%AF%BE%E7%AD%96/id539493829?uo=4
便秘対策・お通じチェッカー,"ZAIZEN Co., Ltd.",Lifestyle,2012-09-18,9015,542571748,https://apps.apple.com/jp/app/%E4%BE%BF%E7%A7%98%E5%AF%BE%E7%AD%96-%E3%81%8A%E9%80%9A%E3%81%98%E3%83%81%E3%82%A7%E3%83%83%E3%82%AB%E3%83%BC/id542571748?uo=4
腸note－腸の音から始める腸活 便秘/管理アプリ,SUNTORY GLOBAL INNOVATION CENTER LIMITED,Health & Fitness,2023-02-01,3931,1659743337,https://apps.apple.com/jp/app/%E8%85%B8note-%E8%85%B8%E3%81%AE%E9%9F%B3%E3%81%8B%E3%82%89%E5%A7%8B%E3%82%81%E3%82%8B%E8%85%B8%E6%B4%BB-%E4%BE%BF%E7%A7%98-%E7%AE%A1%E7%90%86%E3%82%A2%E3%83%97%E3%83%AA/id1659743337?uo=4
便秘スッキリカレンダー,Futasaji LLC,Health & Fitness,2016-01-09,1800,1071616084,https://apps.apple.com/jp/app/%E4%BE%BF%E7%A7%98%E3%82%B9%E3%83%83%E3%82%AD%E3%83%AA%E3%82%AB%E3%83%AC%E3%83%B3%E3%83%80%E3%83%BC/id1071616084?uo=4
うんちくん AI健康記録&うんトモ,TsuzuKit,Health & Fitness,2026-02-26,540,6758856276,https://apps.apple.com/jp/app/%E3%81%86%E3%82%93%E3%81%A1%E3%81%8F%E3%82%93-ai%E5%81%A5%E5%BA%B7%E8%A8%98%E9%8C%B2-%E3%81%86%E3%82%93%E3%83%88%E3%83%A2/id6758856276?uo=4
快便記録,Stack3,Lifestyle,2019-04-28,352,1460782550,https://apps.apple.com/jp/app/%E5%BF%AB%E4%BE%BF%E8%A8%98%E9%8C%B2/id1460782550?uo=4
便秘改善カレンダー - 排便記録を管理してスッキリしよう,Taro Horiguchi,Health & Fitness,2020-02-17,340,1499049071,https://apps.apple.com/jp/app/%E4%BE%BF%E7%A7%98%E6%94%B9%E5%96%84%E3%82%AB%E3%83%AC%E3%83%B3%E3%83%80%E3%83%BC-%E6%8E%92%E4%BE%BF%E8%A8%98%E9%8C%B2%E3%82%92%E7%AE%A1%E7%90%86%E3%81%97%E3%81%A6%E3%82%B9%E3%83%83%E3%82%AD%E3%83%AA%E3%81%97%E3%82%88%E3%81%86/id1499049071?uo=4
トイレ日記-腸と身体の健康を排便の記録で管理！,Kazuya Fujita,Health & Fitness,2021-06-24,182,1568981910,https://apps.apple.com/jp/app/%E3%83%88%E3%82%A4%E3%83%AC%E6%97%A5%E8%A8%98-%E8%85%B8%E3%81%A8%E8%BA%AB%E4%BD%93%E3%81%AE%E5%81%A5%E5%BA%B7%E3%82%92%E6%8E%92%E4%BE%BF%E3%81%AE%E8%A8%98%E9%8C%B2%E3%81%A7%E7%AE%A1%E7%90%86/id1568981910?uo=4
トイレ記録＆音消し擬音 / 音之様と音之姫様,mitsuhiro nara,Medical,2017-09-05,172,1275811979,https://apps.apple.com/jp/app/%E3%83%88%E3%82%A4%E3%83%AC%E8%A8%98%E9%8C%B2-%E9%9F%B3%E6%B6%88%E3%81%97%E6%93%AC%E9%9F%B3-%E9%9F%B3%E4%B9%8B%E6%A7%98%E3%81%A8%E9%9F%B3%E4%B9%8B%E5%A7%AB%E6%A7%98/id1275811979?uo=4
腸活支援アプリ - フォドマップメモ,KAZUYA KIMURA,Health & Fitness,2019-12-31,168,1492616254,https://apps.apple.com/jp/app/%E8%85%B8%E6%B4%BB%E6%94%AF%E6%8F%B4%E3%82%A2%E3%83%97%E3%83%AA-%E3%83%95%E3%82%A9%E3%83%89%E3%83%9E%E3%83%83%E3%83%97%E3%83%A1%E3%83%A2/id1492616254?uo=4
Lavatory Log - お通じは美容と健康の基本,Ken Mayumi,Health & Fitness,2014-06-15,149,875903983,https://apps.apple.com/jp/app/lavatory-log-%E3%81%8A%E9%80%9A%E3%81%98%E3%81%AF%E7%BE%8E%E5%AE%B9%E3%81%A8%E5%81%A5%E5%BA%B7%E3%81%AE%E5%9F%BA%E6%9C%AC/id875903983?uo=4
うんコレ,Yosuke Ishii,Games,2020-11-14,146,1300912035,https://apps.apple.com/jp/app/%E3%81%86%E3%82%93%E3%82%B3%E3%83%AC/id1300912035?uo=4
plop 排便日誌アプリ,The Plop Company LLC,Health & Fitness,2020-04-02,117,1505427265,https://apps.apple.com/jp/app/plop-%E6%8E%92%E4%BE%BF%E6%97%A5%E8%AA%8C%E3%82%A2%E3%83%97%E3%83%AA/id1505427265?uo=4
IBDサプリ,welby inc,Health & Fitness,2017-03-30,110,1188576594,https://apps.apple.com/jp/app/ibd%E3%82%B5%E3%83%97%E3%83%AA/id1188576594?uo=4
便秘カレンダー iPoop,LexyTech Ltd.,Health & Fitness,2023-06-07,63,1671100769,https://apps.apple.com/jp/app/%E4%BE%BF%E7%A7%98%E3%82%AB%E3%83%AC%E3%83%B3%E3%83%80%E3%83%BC-ipoop/id1671100769?uo=4
お通じ日記 - かんたん記録で便秘改善,Shinya Taguchi,Health & Fitness,2020-12-11,62,1542441515,https://apps.apple.com/jp/app/%E3%81%8A%E9%80%9A%E3%81%98%E6%97%A5%E8%A8%98-%E3%81%8B%E3%82%93%E3%81%9F%E3%82%93%E8%A8%98%E9%8C%B2%E3%81%A7%E4%BE%BF%E7%A7%98%E6%94%B9%E5%96%84/id1542441515?uo=4
お通じ記録,Kei Suefuji,Health & Fitness,2021-07-03,48,1571047747,https://apps.apple.com/jp/app/%E3%81%8A%E9%80%9A%E3%81%98%E8%A8%98%E9%8C%B2/id1571047747?uo=4
トイレまっぷ - 簡単トイレ検索＆トイレ記録,Fumiya Tanaka,Navigation,2018-05-20,44,1377935093,https://apps.apple.com/jp/app/%E3%83%88%E3%82%A4%E3%83%AC%E3%81%BE%E3%81%A3%E3%81%B7-%E7%B0%A1%E5%8D%98%E3%83%88%E3%82%A4%E3%83%AC%E6%A4%9C%E7%B4%A2-%E3%83%88%E3%82%A4%E3%83%AC%E8%A8%98%E9%8C%B2/id1377935093?uo=4
PooPeeLog かんたんトイレ記録 毎日ワンタップ！シンプルな健康管理,hirofumi yamada,Medical,2015-03-06,44,971352122,https://apps.apple.com/jp/app/poopeelog-%E3%81%8B%E3%82%93%E3%81%9F%E3%82%93%E3%83%88%E3%82%A4%E3%83%AC%E8%A8%98%E9%8C%B2-%E6%AF%8E%E6%97%A5%E3%83%AF%E3%83%B3%E3%82%BF%E3%83%83%E3%83%97-%E3%82%B7%E3%83%B3%E3%83%97%E3%83%AB%E3%81%AA%E5%81%A5%E5%BA%B7%E7%AE%A1%E7%90%86/id971352122?uo=4
Mykinso IBS：下痢・便秘対策,"Cykinso, Inc.",Health & Fitness,2018-01-31,42,1333005795,https://apps.apple.com/jp/app/mykinso-ibs-%E4%B8%8B%E7%97%A2-%E4%BE%BF%E7%A7%98%E5%AF%BE%E7%AD%96/id1333005795?uo=4
お通じメモ Leaf - 排便記録,Noboru Kato,Health & Fitness,2022-03-03,38,1612576126,https://apps.apple.com/jp/app/%E3%81%8A%E9%80%9A%E3%81%98%E3%83%A1%E3%83%A2-leaf-%E6%8E%92%E4%BE%BF%E8%A8%98%E9%8C%B2/id1612576126?uo=4
うんちキーパー ◎ Toilet Poo Keeper,Just2us Pte Ltd,Health & Fitness,2014-06-26,35,857575652,https://apps.apple.com/jp/app/%E3%81%86%E3%82%93%E3%81%A1%E3%82%AD%E3%83%BC%E3%83%91%E3%83%BC-toilet-poo-keeper/id857575652?uo=4
うれしいうんち：トイレのログ、糞便トラッカー、習慣分析、排便,Gilson Nascimento,Health & Fitness,2021-10-23,34,1586000388,https://apps.apple.com/jp/app/%E3%81%86%E3%82%8C%E3%81%97%E3%81%84%E3%81%86%E3%82%93%E3%81%A1-%E3%83%88%E3%82%A4%E3%83%AC%E3%81%AE%E3%83%AD%E3%82%B0-%E7%B3%9E%E4%BE%BF%E3%83%88%E3%83%A9%E3%83%83%E3%82%AB%E3%83%BC-%E7%BF%92%E6%85%A3%E5%88%86%E6%9E%90-%E6%8E%92%E4%BE%BF/id1586000388?uo=4
トイレの日記（排泄日記）,EONSOFT,Health & Fitness,2014-10-04,26,918774506,https://apps.apple.com/jp/app/%E3%83%88%E3%82%A4%E3%83%AC%E3%81%AE%E6%97%A5%E8%A8%98-%E6%8E%92%E6%B3%84%E6%97%A5%E8%A8%98/id918774506?uo=4
GoPoop,世荣 肖,Health & Fitness,2018-04-03,22,1306461312,https://apps.apple.com/jp/app/gopoop/id1306461312?uo=4
ToiLog - トイレ記録排泄記録＆AI健康分析,Yatuki Misora,Health & Fitness,2025-11-30,17,6755875890,https://apps.apple.com/jp/app/toilog-%E3%83%88%E3%82%A4%E3%83%AC%E8%A8%98%E9%8C%B2%E6%8E%92%E6%B3%84%E8%A8%98%E9%8C%B2-ai%E5%81%A5%E5%BA%B7%E5%88%86%E6%9E%90/id6755875890?uo=4
うんこ - うんち 記録,江真 刘,Health & Fitness,2020-08-25,17,1528946380,https://apps.apple.com/jp/app/%E3%81%86%E3%82%93%E3%81%93-%E3%81%86%E3%82%93%E3%81%A1-%E8%A8%98%E9%8C%B2/id1528946380?uo=4
Petcle Log -散歩とうんちではじめる愛犬のポイ活-,TEXET Inc.,Lifestyle,2026-05-03,17,6762832903,https://apps.apple.com/jp/app/petcle-log-%E6%95%A3%E6%AD%A9%E3%81%A8%E3%81%86%E3%82%93%E3%81%A1%E3%81%A7%E3%81%AF%E3%81%98%E3%82%81%E3%82%8B%E6%84%9B%E7%8A%AC%E3%81%AE%E3%83%9D%E3%82%A4%E6%B4%BB/id6762832903?uo=4
Bowelle: 腸活日記 IBS (過敏性腸症候群),Bowelle AB,Health & Fitness,2018-09-21,17,1436064640,https://apps.apple.com/jp/app/bowelle-%E8%85%B8%E6%B4%BB%E6%97%A5%E8%A8%98-ibs-%E9%81%8E%E6%95%8F%E6%80%A7%E8%85%B8%E7%97%87%E5%80%99%E7%BE%A4/id1436064640?uo=4
Call of Doodie - ズボンにうんちしないでください,TPG TECNOLOGIA DA INFORMACAO LTDA,Games,2015-04-23,15,983281705,https://apps.apple.com/jp/app/call-of-doodie-%E3%82%BA%E3%83%9C%E3%83%B3%E3%81%AB%E3%81%86%E3%82%93%E3%81%A1%E3%81%97%E3%81%AA%E3%81%84%E3%81%A7%E3%81%8F%E3%81%A0%E3%81%95%E3%81%84/id983281705?uo=4
うんチェク - 毎日のうんち記録&健康管理,RYO ASANO,Health & Fitness,2026-03-12,14,6760236609,https://apps.apple.com/jp/app/%E3%81%86%E3%82%93%E3%83%81%E3%82%A7%E3%82%AF-%E6%AF%8E%E6%97%A5%E3%81%AE%E3%81%86%E3%82%93%E3%81%A1%E8%A8%98%E9%8C%B2-%E5%81%A5%E5%BA%B7%E7%AE%A1%E7%90%86/id6760236609?uo=4
排便管理 - うんち簡単記録,Yuta Endo,Health & Fitness,2020-11-30,12,1541589953,https://apps.apple.com/jp/app/%E6%8E%92%E4%BE%BF%E7%AE%A1%E7%90%86-%E3%81%86%E3%82%93%E3%81%A1%E7%B0%A1%E5%8D%98%E8%A8%98%E9%8C%B2/id1541589953?uo=4
おげんこキャット - うんこカレンダー,Noboru Ishikawa,Lifestyle,2022-08-10,12,1626679011,https://apps.apple.com/jp/app/%E3%81%8A%E3%81%92%E3%82%93%E3%81%93%E3%82%AD%E3%83%A3%E3%83%83%E3%83%88-%E3%81%86%E3%82%93%E3%81%93%E3%82%AB%E3%83%AC%E3%83%B3%E3%83%80%E3%83%BC/id1626679011?uo=4
お通じ記録 - 排便日誌,NAOYA ONO,Health & Fitness,2023-05-08,11,6448880921,https://apps.apple.com/jp/app/%E3%81%8A%E9%80%9A%E3%81%98%E8%A8%98%E9%8C%B2-%E6%8E%92%E4%BE%BF%E6%97%A5%E8%AA%8C/id6448880921?uo=4
フロレコ 腸活・腸内環境｜食事記録 by マイキンソー,"Cykinso, Inc.",Health & Fitness,2025-11-25,11,6754961839,https://apps.apple.com/jp/app/%E3%83%95%E3%83%AD%E3%83%AC%E3%82%B3-%E8%85%B8%E6%B4%BB-%E8%85%B8%E5%86%85%E7%92%B0%E5%A2%83-%E9%A3%9F%E4%BA%8B%E8%A8%98%E9%8C%B2-by-%E3%83%9E%E3%82%A4%E3%82%AD%E3%83%B3%E3%82%BD%E3%83%BC/id6754961839?uo=4
腸活リマインダー,Osawa Shunsuke,Health & Fitness,2021-12-20,11,1600366738,https://apps.apple.com/jp/app/%E8%85%B8%E6%B4%BB%E3%83%AA%E3%83%9E%E3%82%A4%E3%83%B3%E3%83%80%E3%83%BC/id1600366738?uo=4
うんオジ,YUSUKE OGISO,Lifestyle,2023-03-29,10,6446942004,https://apps.apple.com/jp/app/%E3%81%86%E3%82%93%E3%82%AA%E3%82%B8/id6446942004?uo=4
おなかログ - IBS・過敏性腸症候群の記録,Electoria Inc.,Medical,2026-04-22,10,6762241517,https://apps.apple.com/jp/app/%E3%81%8A%E3%81%AA%E3%81%8B%E3%83%AD%E3%82%B0-ibs-%E9%81%8E%E6%95%8F%E6%80%A7%E8%85%B8%E7%97%87%E5%80%99%E7%BE%A4%E3%81%AE%E8%A8%98%E9%8C%B2/id6762241517?uo=4
Nerva: Gut-Brain Program,Mindset Health Pty Ltd,Health & Fitness,2019-06-18,10,1467398796,https://apps.apple.com/jp/app/nerva-gut-brain-program/id1467398796?uo=4
PooPoo 便秘カレンダー,mi gyoung yoon,Health & Fitness,2023-08-30,9,6463697226,https://apps.apple.com/jp/app/poopoo-%E4%BE%BF%E7%A7%98%E3%82%AB%E3%83%AC%E3%83%B3%E3%83%80%E3%83%BC/id6463697226?uo=4
"Cara Care: IBS, FODMAP Tracker",HiDoc Technologies GmbH,Medical,2016-12-22,9,1133687886,https://apps.apple.com/jp/app/cara-care-ibs-fodmap-tracker/id1133687886?uo=4
今日のうんち,tatsuyuki shibuya,Lifestyle,2024-04-21,8,6499090886,https://apps.apple.com/jp/app/%E4%BB%8A%E6%97%A5%E3%81%AE%E3%81%86%E3%82%93%E3%81%A1/id6499090886?uo=4
Bloom｜排便記録,Shun Okamoto,Health & Fitness,2026-04-25,5,6762580003,https://apps.apple.com/jp/app/bloom-%E6%8E%92%E4%BE%BF%E8%A8%98%E9%8C%B2/id6762580003?uo=4
便カレンダー - 排便したらカレンダーに記録しよう！,Naoki Otsu,Health & Fitness,2026-06-25,5,6782827887,https://apps.apple.com/jp/app/%E4%BE%BF%E3%82%AB%E3%83%AC%E3%83%B3%E3%83%80%E3%83%BC-%E6%8E%92%E4%BE%BF%E3%81%97%E3%81%9F%E3%82%89%E3%82%AB%E3%83%AC%E3%83%B3%E3%83%80%E3%83%BC%E3%81%AB%E8%A8%98%E9%8C%B2%E3%81%97%E3%82%88%E3%81%86/id6782827887?uo=4
flowe - bowel tracker,Ayaka Ida,Health & Fitness,2026-04-10,5,6761525457,https://apps.apple.com/jp/app/flowe-bowel-tracker/id6761525457?uo=4
シンプルうんちログ,Little Grass Inc.,Medical,2015-10-22,4,1032240541,https://apps.apple.com/jp/app/%E3%82%B7%E3%83%B3%E3%83%97%E3%83%AB%E3%81%86%E3%82%93%E3%81%A1%E3%83%AD%E3%82%B0/id1032240541?uo=4
笑顔で毎日を過ごすための腸脳力育成アプリ - walora,U&MORE INC.,Health & Fitness,2023-03-21,4,1633922243,https://apps.apple.com/jp/app/%E7%AC%91%E9%A1%94%E3%81%A7%E6%AF%8E%E6%97%A5%E3%82%92%E9%81%8E%E3%81%94%E3%81%99%E3%81%9F%E3%82%81%E3%81%AE%E8%85%B8%E8%84%B3%E5%8A%9B%E8%82%B2%E6%88%90%E3%82%A2%E3%83%97%E3%83%AA-walora/id1633922243?uo=4
ぽんぽんログ - おつうじ記録日記,Yusuke Sato,Health & Fitness,2026-04-23,4,6762331650,https://apps.apple.com/jp/app/%E3%81%BD%E3%82%93%E3%81%BD%E3%82%93%E3%83%AD%E3%82%B0-%E3%81%8A%E3%81%A4%E3%81%86%E3%81%98%E8%A8%98%E9%8C%B2%E6%97%A5%E8%A8%98/id6762331650?uo=4
便秘・腸活AI,eno inc. (Tokyo),Health & Fitness,2025-07-08,3,6747766094,https://apps.apple.com/jp/app/%E4%BE%BF%E7%A7%98-%E8%85%B8%E6%B4%BBai/id6747766094?uo=4
排便記録と腸内分析: Poopy,Michael Riehl,Health & Fitness,2026-04-02,3,6758719469,https://apps.apple.com/jp/app/%E6%8E%92%E4%BE%BF%E8%A8%98%E9%8C%B2%E3%81%A8%E8%85%B8%E5%86%85%E5%88%86%E6%9E%90-poopy/id6758719469?uo=4
ネコのうんちとおしっこ,Tomonori Tamura,Lifestyle,2026-05-25,3,6767434562,https://apps.apple.com/jp/app/%E3%83%8D%E3%82%B3%E3%81%AE%E3%81%86%E3%82%93%E3%81%A1%E3%81%A8%E3%81%8A%E3%81%97%E3%81%A3%E3%81%93/id6767434562?uo=4
"PCal - Poop Tracker,Calendar",昊 浦,Health & Fitness,2017-10-22,3,1298536299,https://apps.apple.com/jp/app/pcal-poop-tracker-calendar/id1298536299?uo=4
お通じ日記 - 記録と追跡,YIZE LIAO,Health & Fitness,2025-03-31,2,6743986026,https://apps.apple.com/jp/app/%E3%81%8A%E9%80%9A%E3%81%98%E6%97%A5%E8%A8%98-%E8%A8%98%E9%8C%B2%E3%81%A8%E8%BF%BD%E8%B7%A1/id6743986026?uo=4
16時間断食タイマー＆腸活記録：排便とダイエットの相関分析,Ametiar,Health & Fitness,2026-02-05,2,6757078886,https://apps.apple.com/jp/app/16%E6%99%82%E9%96%93%E6%96%AD%E9%A3%9F%E3%82%BF%E3%82%A4%E3%83%9E%E3%83%BC-%E8%85%B8%E6%B4%BB%E8%A8%98%E9%8C%B2-%E6%8E%92%E4%BE%BF%E3%81%A8%E3%83%80%E3%82%A4%E3%82%A8%E3%83%83%E3%83%88%E3%81%AE%E7%9B%B8%E9%96%A2%E5%88%86%E6%9E%90/id6757078886?uo=4
MECOLETTE｜潰瘍性大腸炎・クローン病の体調記録,Asei Ikarashi,Health & Fitness,2026-06-12,2,6777882757,https://apps.apple.com/jp/app/mecolette-%E6%BD%B0%E7%98%8D%E6%80%A7%E5%A4%A7%E8%85%B8%E7%82%8E-%E3%82%AF%E3%83%AD%E3%83%BC%E3%83%B3%E7%97%85%E3%81%AE%E4%BD%93%E8%AA%BF%E8%A8%98%E9%8C%B2/id6777882757?uo=4
DigestAI — 腸活トラッカー,Keila Cristina Tokuyoshi Murakami,Health & Fitness,2026-07-07,2,6778825229,https://apps.apple.com/jp/app/digestai-%E8%85%B8%E6%B4%BB%E3%83%88%E3%83%A9%E3%83%83%E3%82%AB%E3%83%BC/id6778825229?uo=4
Low FODMAP diet foods for IBS,IPOLYGLOT LIMITED,Food & Drink,2019-03-09,2,1445614297,https://apps.apple.com/jp/app/low-fodmap-diet-foods-for-ibs/id1445614297?uo=4
排尿記録 : トイレトレーニング記録 　トイトレ,Kanae Kobune,Lifestyle,2025-12-13,2,6756411529,https://apps.apple.com/jp/app/%E6%8E%92%E5%B0%BF%E8%A8%98%E9%8C%B2-%E3%83%88%E3%82%A4%E3%83%AC%E3%83%88%E3%83%AC%E3%83%BC%E3%83%8B%E3%83%B3%E3%82%B0%E8%A8%98%E9%8C%B2-%E3%83%88%E3%82%A4%E3%83%88%E3%83%AC/id6756411529?uo=4
うんこログ - 排便・排尿記録,IBUKI YOSHIDA,Health & Fitness,2026-07-13,1,6789867744,https://apps.apple.com/jp/app/%E3%81%86%E3%82%93%E3%81%93%E3%83%AD%E3%82%B0-%E6%8E%92%E4%BE%BF-%E6%8E%92%E5%B0%BF%E8%A8%98%E9%8C%B2/id6789867744?uo=4
うんころぐ,Yutaka Ino,Health & Fitness,2024-11-21,1,6738497941,https://apps.apple.com/jp/app/%E3%81%86%E3%82%93%E3%81%93%E3%82%8D%E3%81%90/id6738497941?uo=4
きょうのうんち,asano soichiro,Lifestyle,2024-08-19,1,6584518972,https://apps.apple.com/jp/app/%E3%81%8D%E3%82%87%E3%81%86%E3%81%AE%E3%81%86%E3%82%93%E3%81%A1/id6584518972?uo=4
うんち記録 - SimplePoo,BAVYKING SOLUTIONS S.R.L.,Health & Fitness,2025-09-19,1,6751907229,https://apps.apple.com/jp/app/%E3%81%86%E3%82%93%E3%81%A1%E8%A8%98%E9%8C%B2-simplepoo/id6751907229?uo=4
DidYouPoop: 出た？- 排便記録,鹏 杨,Health & Fitness,2026-03-20,1,6760637402,https://apps.apple.com/jp/app/didyoupoop-%E5%87%BA%E3%81%9F-%E6%8E%92%E4%BE%BF%E8%A8%98%E9%8C%B2/id6760637402?uo=4
Poop-Me: トイレトラッカー,Oleksii Nesterchuk,Entertainment,2025-05-13,1,6745626352,https://apps.apple.com/jp/app/poop-me-%E3%83%88%E3%82%A4%E3%83%AC%E3%83%88%E3%83%A9%E3%83%83%E3%82%AB%E3%83%BC/id6745626352?uo=4
うんき - お通じ記録と便メモ,Daisaku Mori,Health & Fitness,2026-06-10,1,6777927621,https://apps.apple.com/jp/app/%E3%81%86%E3%82%93%E3%81%8D-%E3%81%8A%E9%80%9A%E3%81%98%E8%A8%98%E9%8C%B2%E3%81%A8%E4%BE%BF%E3%83%A1%E3%83%A2/id6777927621?uo=4
うんちスキャン-犬猫ペットの便と顔写真でAI健康・体調記録,"KIY, K.K.",Lifestyle,2026-03-12,1,6759829585,https://apps.apple.com/jp/app/%E3%81%86%E3%82%93%E3%81%A1%E3%82%B9%E3%82%AD%E3%83%A3%E3%83%B3-%E7%8A%AC%E7%8C%AB%E3%83%9A%E3%83%83%E3%83%88%E3%81%AE%E4%BE%BF%E3%81%A8%E9%A1%94%E5%86%99%E7%9C%9F%E3%81%A7ai%E5%81%A5%E5%BA%B7-%E4%BD%93%E8%AA%BF%E8%A8%98%E9%8C%B2/id6759829585?uo=4
ちょうログ、お通じ記録で腸活サポート,Kazuaki Takahashi,Lifestyle,2026-03-31,1,6759916759,https://apps.apple.com/jp/app/%E3%81%A1%E3%82%87%E3%81%86%E3%83%AD%E3%82%B0-%E3%81%8A%E9%80%9A%E3%81%98%E8%A8%98%E9%8C%B2%E3%81%A7%E8%85%B8%E6%B4%BB%E3%82%B5%E3%83%9D%E3%83%BC%E3%83%88/id6759916759?uo=4
PoopCheck: 便分析AI,SoftAllThings LLC,Health & Fitness,2024-11-26,1,6737857695,https://apps.apple.com/jp/app/poopcheck-%E4%BE%BF%E5%88%86%E6%9E%90ai/id6737857695?uo=4
Vyla – 腹痛・IBSトラッカー,MATTHEW ALEXANDER SMYTH,Health & Fitness,2026-01-28,1,6758146340,https://apps.apple.com/jp/app/vyla-%E8%85%B9%E7%97%9B-ibs%E3%83%88%E3%83%A9%E3%83%83%E3%82%AB%E3%83%BC/id6758146340?uo=4
うんち記録,Ramkumar Vellaisamy,Health & Fitness,2025-06-12,1,6747142812,https://apps.apple.com/jp/app/%E3%81%86%E3%82%93%E3%81%A1%E8%A8%98%E9%8C%B2/id6747142812?uo=4
わんログ - 犬の健康記録・トイレしつけ・散歩,Shin Matsumaru,Lifestyle,2026-07-03,1,6775680314,https://apps.apple.com/jp/app/%E3%82%8F%E3%82%93%E3%83%AD%E3%82%B0-%E7%8A%AC%E3%81%AE%E5%81%A5%E5%BA%B7%E8%A8%98%E9%8C%B2-%E3%83%88%E3%82%A4%E3%83%AC%E3%81%97%E3%81%A4%E3%81%91-%E6%95%A3%E6%AD%A9/id6775680314?uo=4
メモってととのう腸活アプリ - らくメモ腸活,GIZIN Inc.,Health & Fitness,2024-05-27,1,6475145288,https://apps.apple.com/jp/app/%E3%83%A1%E3%83%A2%E3%81%A3%E3%81%A6%E3%81%A8%E3%81%A8%E3%81%AE%E3%81%86%E8%85%B8%E6%B4%BB%E3%82%A2%E3%83%97%E3%83%AA-%E3%82%89%E3%81%8F%E3%83%A1%E3%83%A2%E8%85%B8%E6%B4%BB/id6475145288?uo=4
IBS 2026,National Association of Home Builders,Business,2018-12-18,1,1446351348,https://apps.apple.com/jp/app/ibs-2026/id1446351348?uo=4
IBS Mobile,INTERNATIONAL BANK OF SOMALIA,Finance,2020-03-05,1,1500860861,https://apps.apple.com/jp/app/ibs-mobile/id1500860861?uo=4
Endive - IBS Food Diary,Endive Health LTD,Health & Fitness,2020-04-14,1,1505121271,https://apps.apple.com/jp/app/endive-ibs-food-diary/id1505121271?uo=4
腸易激とお別れ,"INII Co., Ltd.",Health & Fitness,2025-05-23,1,6745562063,https://apps.apple.com/jp/app/%E8%85%B8%E6%98%93%E6%BF%80%E3%81%A8%E3%81%8A%E5%88%A5%E3%82%8C/id6745562063?uo=4
ヘモノート - 痔主のための総合おしりケア,MINATO DIGITAL K.K.,Health & Fitness,2026-08-05,1,6795841618,https://apps.apple.com/jp/app/%E3%83%98%E3%83%A2%E3%83%8E%E3%83%BC%E3%83%88-%E7%97%94%E4%B8%BB%E3%81%AE%E3%81%9F%E3%82%81%E3%81%AE%E7%B7%8F%E5%90%88%E3%81%8A%E3%81%97%E3%82%8A%E3%82%B1%E3%82%A2/id6795841618?uo=4
とりピン - 小鳥の健康管理・体重記録・飼育日記アプリ,Renya Yamagami,Lifestyle,2026-08-05,1,6787637828,https://apps.apple.com/jp/app/%E3%81%A8%E3%82%8A%E3%83%94%E3%83%B3-%E5%B0%8F%E9%B3%A5%E3%81%AE%E5%81%A5%E5%BA%B7%E7%AE%A1%E7%90%86-%E4%BD%93%E9%87%8D%E8%A8%98%E9%8C%B2-%E9%A3%BC%E8%82%B2%E6%97%A5%E8%A8%98%E3%82%A2%E3%83%97%E3%83%AA/id6787637828?uo=4
リズムログ - お通じカレンダー,kohei yamane,Health & Fitness,2026-03-03,0,6759830159,https://apps.apple.com/jp/app/%E3%83%AA%E3%82%BA%E3%83%A0%E3%83%AD%E3%82%B0-%E3%81%8A%E9%80%9A%E3%81%98%E3%82%AB%E3%83%AC%E3%83%B3%E3%83%80%E3%83%BC/id6759830159?uo=4
DidYouGo-うんこ 排便記録,鸿粮 袁,Utilities,2026-01-23,0,6757662395,https://apps.apple.com/jp/app/didyougo-%E3%81%86%E3%82%93%E3%81%93-%E6%8E%92%E4%BE%BF%E8%A8%98%E9%8C%B2/id6757662395?uo=4
FlareCare: 腸活トラッカー,FlareCare LLC,Health & Fitness,2025-01-24,0,6739485719,https://apps.apple.com/jp/app/flarecare-%E8%85%B8%E6%B4%BB%E3%83%88%E3%83%A9%E3%83%83%E3%82%AB%E3%83%BC/id6739485719?uo=4
Poopwell：うんち記録・腸活,Supanat Konprom,Health & Fitness,2026-01-26,0,6758233012,https://apps.apple.com/jp/app/poopwell-%E3%81%86%E3%82%93%E3%81%A1%E8%A8%98%E9%8C%B2-%E8%85%B8%E6%B4%BB/id6758233012?uo=4
排便トラッカー：便日記,嵩 张,Health & Fitness,2026-05-12,0,6767535786,https://apps.apple.com/jp/app/%E6%8E%92%E4%BE%BF%E3%83%88%E3%83%A9%E3%83%83%E3%82%AB%E3%83%BC-%E4%BE%BF%E6%97%A5%E8%A8%98/id6767535786?uo=4
Throne Clock: 排便記録,Gaurav Sapkota,Utilities,2026-08-14,0,6796699574,https://apps.apple.com/jp/app/throne-clock-%E6%8E%92%E4%BE%BF%E8%A8%98%E9%8C%B2/id6796699574?uo=4
排便記録: Gutkeep,Luka Jeftic,Health & Fitness,2026-08-18,0,6794323301,https://apps.apple.com/jp/app/%E6%8E%92%E4%BE%BF%E8%A8%98%E9%8C%B2-gutkeep/id6794323301?uo=4
トンダル - 腸活うんちカレンダー,HyeIn Kim,Health & Fitness,2026-08-11,0,6792473247,https://apps.apple.com/jp/app/%E3%83%88%E3%83%B3%E3%83%80%E3%83%AB-%E8%85%B8%E6%B4%BB%E3%81%86%E3%82%93%E3%81%A1%E3%82%AB%E3%83%AC%E3%83%B3%E3%83%80%E3%83%BC/id6792473247?uo=4
便トラッカー 過敏性腸 クローン病,CARECLINIC SOFTWARE INC.,Health & Fitness,2022-06-25,0,1613642833,https://apps.apple.com/jp/app/%E4%BE%BF%E3%83%88%E3%83%A9%E3%83%83%E3%82%AB%E3%83%BC-%E9%81%8E%E6%95%8F%E6%80%A7%E8%85%B8-%E3%82%AF%E3%83%AD%E3%83%BC%E3%83%B3%E7%97%85/id1613642833?uo=4
うんちトラッカー,Joseph Stein,Health & Fitness,2026-02-13,0,6758039043,https://apps.apple.com/jp/app/%E3%81%86%E3%82%93%E3%81%A1%E3%83%88%E3%83%A9%E3%83%83%E3%82%AB%E3%83%BC/id6758039043?uo=4
毛孩日记-宠物健康记录&AI养宠&喂食饮水排便运动打卡,立华 陈,Health & Fitness,2026-07-06,0,6779265956,https://apps.apple.com/jp/app/%E6%AF%9B%E5%AD%A9%E6%97%A5%E8%AE%B0-%E5%AE%A0%E7%89%A9%E5%81%A5%E5%BA%B7%E8%AE%B0%E5%BD%95-ai%E5%85%BB%E5%AE%A0-%E5%96%82%E9%A3%9F%E9%A5%AE%E6%B0%B4%E6%8E%92%E4%BE%BF%E8%BF%90%E5%8A%A8%E6%89%93%E5%8D%A1/id6779265956?uo=4
哪没拉 - 排便记录与便便日记,邓明 张,Health & Fitness,2026-07-31,0,6794577712,https://apps.apple.com/jp/app/%E5%93%AA%E6%B2%A1%E6%8B%89-%E6%8E%92%E4%BE%BF%E8%AE%B0%E5%BD%95%E4%B8%8E%E4%BE%BF%E4%BE%BF%E6%97%A5%E8%AE%B0/id6794577712?uo=4
Bellyx - うんち記録,Gustavo Silva,Health & Fitness,2026-01-23,0,6757122361,https://apps.apple.com/jp/app/bellyx-%E3%81%86%E3%82%93%E3%81%A1%E8%A8%98%E9%8C%B2/id6757122361?uo=4
PoopID: AI便スキャナー,Mobixoft LLC,Health & Fitness,2026-05-05,0,6765519694,https://apps.apple.com/jp/app/poopid-ai%E4%BE%BF%E3%82%B9%E3%82%AD%E3%83%A3%E3%83%8A%E3%83%BC/id6765519694?uo=4
拉了么-排便记录肠道健康数据统计习惯培养本地隐私热力图打卡,友健 高,Health & Fitness,2026-02-06,0,6758728373,https://apps.apple.com/jp/app/%E6%8B%89%E4%BA%86%E4%B9%88-%E6%8E%92%E4%BE%BF%E8%AE%B0%E5%BD%95%E8%82%A0%E9%81%93%E5%81%A5%E5%BA%B7%E6%95%B0%E6%8D%AE%E7%BB%9F%E8%AE%A1%E4%B9%A0%E6%83%AF%E5%9F%B9%E5%85%BB%E6%9C%AC%E5%9C%B0%E9%9A%90%E7%A7%81%E7%83%AD%E5%8A%9B%E5%9B%BE%E6%89%93%E5%8D%A1/id6758728373?uo=4
腹语BellyLog-便便记录排便日记,"Beijing Xinsheng Yuan Health Technology Co., Ltd.",Health & Fitness,2026-06-09,0,6762614907,https://apps.apple.com/jp/app/%E8%85%B9%E8%AF%ADbellylog-%E4%BE%BF%E4%BE%BF%E8%AE%B0%E5%BD%95%E6%8E%92%E4%BE%BF%E6%97%A5%E8%AE%B0/id6762614907?uo=4
Regularity：排便記録,Creative Stack LLC,Health & Fitness,2026-06-12,0,6759209083,https://apps.apple.com/jp/app/regularity-%E6%8E%92%E4%BE%BF%E8%A8%98%E9%8C%B2/id6759209083?uo=4
便秘記録、日記、トラッカー： プープー,Jisung Hong,Lifestyle,2024-04-11,0,6483686310,https://apps.apple.com/jp/app/%E4%BE%BF%E7%A7%98%E8%A8%98%E9%8C%B2-%E6%97%A5%E8%A8%98-%E3%83%88%E3%83%A9%E3%83%83%E3%82%AB%E3%83%BC-%E3%83%97%E3%83%BC%E3%83%97%E3%83%BC/id6483686310?uo=4
大便记录-肠道健康管理助手,秋平 李,Lifestyle,2026-01-02,0,6757027636,https://apps.apple.com/jp/app/%E5%A4%A7%E4%BE%BF%E8%AE%B0%E5%BD%95-%E8%82%A0%E9%81%93%E5%81%A5%E5%BA%B7%E7%AE%A1%E7%90%86%E5%8A%A9%E6%89%8B/id6757027636?uo=4
Settura: 過敏性腸症候群・腸活記録,Ryosuke Igarashi,Health & Fitness,2026-06-23,0,6781145402,https://apps.apple.com/jp/app/settura-%E9%81%8E%E6%95%8F%E6%80%A7%E8%85%B8%E7%97%87%E5%80%99%E7%BE%A4-%E8%85%B8%E6%B4%BB%E8%A8%98%E9%8C%B2/id6781145402?uo=4
Throne: 腸活＆便記録,Jung Soon Shin,Health & Fitness,2026-06-22,0,6780708757,https://apps.apple.com/jp/app/throne-%E8%85%B8%E6%B4%BB-%E4%BE%BF%E8%A8%98%E9%8C%B2/id6780708757?uo=4
GutNotes,KUO TAI TSENG,Health & Fitness,2026-05-20,0,6770604627,https://apps.apple.com/jp/app/gutnotes/id6770604627?uo=4
poopDaily,lu shuo,Lifestyle,2026-05-12,0,6768027633,https://apps.apple.com/jp/app/poopdaily/id6768027633?uo=4
PoopTap,ZEC Inc.,Lifestyle,2026-04-21,0,6762576578,https://apps.apple.com/jp/app/pooptap/id6762576578?uo=4
Pooply Tracker,Leobardo Mar,Health & Fitness,2025-11-04,0,6754704319,https://apps.apple.com/jp/app/pooply-tracker/id6754704319?uo=4
うんぴー,Rina Ozaki,Health & Fitness,2026-03-30,0,6760401719,https://apps.apple.com/jp/app/%E3%81%86%E3%82%93%E3%81%B4%E3%83%BC/id6760401719?uo=4
拉完了 - PoopTimer,哲帅 夏,Utilities,2026-04-17,0,6762424243,https://apps.apple.com/jp/app/%E6%8B%89%E5%AE%8C%E4%BA%86-pooptimer/id6762424243?uo=4
Flarely: クローン病・大腸炎,Low Latency Labs LLC,Health & Fitness,2026-04-02,0,6760443478,https://apps.apple.com/jp/app/flarely-%E3%82%AF%E3%83%AD%E3%83%BC%E3%83%B3%E7%97%85-%E5%A4%A7%E8%85%B8%E7%82%8E/id6760443478?uo=4
Poop Together,HAO CHANG KUO,Health & Fitness,2026-06-26,0,6778721661,https://apps.apple.com/jp/app/poop-together/id6778721661?uo=4
便便通,顺吉 陆,Lifestyle,2026-02-18,0,6758648082,https://apps.apple.com/jp/app/%E4%BE%BF%E4%BE%BF%E9%80%9A/id6758648082?uo=4
Bowelog: 排便記録・腸活ダイアリー,Stanislav Morozov,Health & Fitness,2026-03-24,0,6760947006,https://apps.apple.com/jp/app/bowelog-%E6%8E%92%E4%BE%BF%E8%A8%98%E9%8C%B2-%E8%85%B8%E6%B4%BB%E3%83%80%E3%82%A4%E3%82%A2%E3%83%AA%E3%83%BC/id6760947006?uo=4
お通じログ,"iDeplo, Inc.",Health & Fitness,2026-08-05,0,6796360728,https://apps.apple.com/jp/app/%E3%81%8A%E9%80%9A%E3%81%98%E3%83%AD%E3%82%B0/id6796360728?uo=4
うんち記録 - 腸活・便秘・お通じ管理の排便カレンダー,"Knecht, Inc.",Medical,2026-05-02,0,6762439939,https://apps.apple.com/jp/app/%E3%81%86%E3%82%93%E3%81%A1%E8%A8%98%E9%8C%B2-%E8%85%B8%E6%B4%BB-%E4%BE%BF%E7%A7%98-%E3%81%8A%E9%80%9A%E3%81%98%E7%AE%A1%E7%90%86%E3%81%AE%E6%8E%92%E4%BE%BF%E3%82%AB%E3%83%AC%E3%83%B3%E3%83%80%E3%83%BC/id6762439939?uo=4
うんち: 腸活 排便記録 便秘日記 Αρρ,Ilia Kukharev,Health & Fitness,2026-05-28,0,6772184356,https://apps.apple.com/jp/app/%E3%81%86%E3%82%93%E3%81%A1-%E8%85%B8%E6%B4%BB-%E6%8E%92%E4%BE%BF%E8%A8%98%E9%8C%B2-%E4%BE%BF%E7%A7%98%E6%97%A5%E8%A8%98-%CE%B1%CF%81%CF%81/id6772184356?uo=4
Plop - 腸活うんち記録＆便秘管理,MINERVA K.K.,Health & Fitness,2026-01-22,0,6757917342,https://apps.apple.com/jp/app/plop-%E8%85%B8%E6%B4%BB%E3%81%86%E3%82%93%E3%81%A1%E8%A8%98%E9%8C%B2-%E4%BE%BF%E7%A7%98%E7%AE%A1%E7%90%86/id6757917342?uo=4
iPoop - 排便記録・腸活・トイレ日記,AppOG Inc.,Entertainment,2014-07-10,0,723140052,https://apps.apple.com/jp/app/ipoop-%E6%8E%92%E4%BE%BF%E8%A8%98%E9%8C%B2-%E8%85%B8%E6%B4%BB-%E3%83%88%E3%82%A4%E3%83%AC%E6%97%A5%E8%A8%98/id723140052?uo=4
GasLog - おなら記録・腸活サポート,kota tada,Health & Fitness,2025-12-08,0,6756221768,https://apps.apple.com/jp/app/gaslog-%E3%81%8A%E3%81%AA%E3%82%89%E8%A8%98%E9%8C%B2-%E8%85%B8%E6%B4%BB%E3%82%B5%E3%83%9D%E3%83%BC%E3%83%88/id6756221768?uo=4
うんち記録: 排便・腸活ダイアリー,汇杭 钟,Health & Fitness,2026-05-15,0,6748749792,https://apps.apple.com/jp/app/%E3%81%86%E3%82%93%E3%81%A1%E8%A8%98%E9%8C%B2-%E6%8E%92%E4%BE%BF-%E8%85%B8%E6%B4%BB%E3%83%80%E3%82%A4%E3%82%A2%E3%83%AA%E3%83%BC/id6748749792?uo=4
Lovely Gut: 腸活・便秘・お腹,Doa Atac,Health & Fitness,2025-11-18,0,6753955247,https://apps.apple.com/jp/app/lovely-gut-%E8%85%B8%E6%B4%BB-%E4%BE%BF%E7%A7%98-%E3%81%8A%E8%85%B9/id6753955247?uo=4
うんちーズ,Kae Fujibayashi,Health & Fitness,2026-05-01,0,6762075999,https://apps.apple.com/jp/app/%E3%81%86%E3%82%93%E3%81%A1%E3%83%BC%E3%82%BA/id6762075999?uo=4
Number Two: 排便トラッカー,Aner Sarid,Health & Fitness,2026-03-09,0,6759846071,https://apps.apple.com/jp/app/number-two-%E6%8E%92%E4%BE%BF%E3%83%88%E3%83%A9%E3%83%83%E3%82%AB%E3%83%BC/id6759846071?uo=4
"腸活ケアログアプリ & くろにくる 消化,便秘",Harvey Guggenheim,Health & Fitness,2026-06-03,0,6762596003,https://apps.apple.com/jp/app/%E8%85%B8%E6%B4%BB%E3%82%B1%E3%82%A2%E3%83%AD%E3%82%B0%E3%82%A2%E3%83%97%E3%83%AA-%E3%81%8F%E3%82%8D%E3%81%AB%E3%81%8F%E3%82%8B-%E6%B6%88%E5%8C%96-%E4%BE%BF%E7%A7%98/id6762596003?uo=4
Gutty,takuto obara,Health & Fitness,2026-05-01,0,6761299415,https://apps.apple.com/jp/app/gutty/id6761299415?uo=4
Darmi: 食事・うんち・症状 健康体調腸活管理日記,Xin Zhang,Health & Fitness,2026-03-03,0,6759197247,https://apps.apple.com/jp/app/darmi-%E9%A3%9F%E4%BA%8B-%E3%81%86%E3%82%93%E3%81%A1-%E7%97%87%E7%8A%B6-%E5%81%A5%E5%BA%B7%E4%BD%93%E8%AA%BF%E8%85%B8%E6%B4%BB%E7%AE%A1%E7%90%86%E6%97%A5%E8%A8%98/id6759197247?uo=4
うんこ - うんち 記録 & うんちカレンダー,Andrei Nemtsou,Medical,2023-08-08,0,6449427818,https://apps.apple.com/jp/app/%E3%81%86%E3%82%93%E3%81%93-%E3%81%86%E3%82%93%E3%81%A1-%E8%A8%98%E9%8C%B2-%E3%81%86%E3%82%93%E3%81%A1%E3%82%AB%E3%83%AC%E3%83%B3%E3%83%80%E3%83%BC/id6449427818?uo=4
うんちログ,Kenji Yanase,Lifestyle,2026-03-31,0,6761322028,https://apps.apple.com/jp/app/%E3%81%86%E3%82%93%E3%81%A1%E3%83%AD%E3%82%B0/id6761322028?uo=4
PooDoo: うんち記録・腸活アプリ,Yevhenii Vladymyrov,Health & Fitness,2026-04-16,0,6761279003,https://apps.apple.com/jp/app/poodoo-%E3%81%86%E3%82%93%E3%81%A1%E8%A8%98%E9%8C%B2-%E8%85%B8%E6%B4%BB%E3%82%A2%E3%83%97%E3%83%AA/id6761279003?uo=4
うんち記録: 腸の健康ログ,Burak Guner,Health & Fitness,2026-08-21,0,6798729677,https://apps.apple.com/jp/app/%E3%81%86%E3%82%93%E3%81%A1%E8%A8%98%E9%8C%B2-%E8%85%B8%E3%81%AE%E5%81%A5%E5%BA%B7%E3%83%AD%E3%82%B0/id6798729677?uo=4
うんち色カード - 赤ちゃんのうんちの色を比較・記録,凯云 华,Medical,2026-05-13,0,6768498987,https://apps.apple.com/jp/app/%E3%81%86%E3%82%93%E3%81%A1%E8%89%B2%E3%82%AB%E3%83%BC%E3%83%89-%E8%B5%A4%E3%81%A1%E3%82%83%E3%82%93%E3%81%AE%E3%81%86%E3%82%93%E3%81%A1%E3%81%AE%E8%89%B2%E3%82%92%E6%AF%94%E8%BC%83-%E8%A8%98%E9%8C%B2/id6768498987?uo=4
Poko：腸活＆うんち記録,Ryutaro Nakano,Health & Fitness,2026-06-04,0,6775795630,https://apps.apple.com/jp/app/poko-%E8%85%B8%E6%B4%BB-%E3%81%86%E3%82%93%E3%81%A1%E8%A8%98%E9%8C%B2/id6775795630?uo=4
うんちレコ,RYOTARO NISHIMURA,Lifestyle,2026-07-16,0,6790097538,https://apps.apple.com/jp/app/%E3%81%86%E3%82%93%E3%81%A1%E3%83%AC%E3%82%B3/id6790097538?uo=4
商便通骑手端,"Nanjing Youlin Kesi Technology Co., Ltd.",Utilities,2026-05-11,0,6767869934,https://apps.apple.com/jp/app/%E5%95%86%E4%BE%BF%E9%80%9A%E9%AA%91%E6%89%8B%E7%AB%AF/id6767869934?uo=4
IBS Tracker: 腸活日記,Kristoffer Tollin,Medical,2025-04-22,0,6744578929,https://apps.apple.com/jp/app/ibs-tracker-%E8%85%B8%E6%B4%BB%E6%97%A5%E8%A8%98/id6744578929?uo=4
Guto: 腸活とIBSトラッカー,Hetvikkumar Vikramsinh Asari,Health & Fitness,2026-05-27,0,6762330659,https://apps.apple.com/jp/app/guto-%E8%85%B8%E6%B4%BB%E3%81%A8ibs%E3%83%88%E3%83%A9%E3%83%83%E3%82%AB%E3%83%BC/id6762330659?uo=4
IBS・排便トラッカー - GutLog,Yusuf Baran Dogan,Health & Fitness,2025-09-18,0,6749550927,https://apps.apple.com/jp/app/ibs-%E6%8E%92%E4%BE%BF%E3%83%88%E3%83%A9%E3%83%83%E3%82%AB%E3%83%BC-gutlog/id6749550927?uo=4
IBS・FODMAPトラッカー - Soothe,Karol Jaworski,Health & Fitness,2026-06-12,0,6768031033,https://apps.apple.com/jp/app/ibs-fodmap%E3%83%88%E3%83%A9%E3%83%83%E3%82%AB%E3%83%BC-soothe/id6768031033?uo=4
BellySignal: 腸活トラッカー,Jeonghyeon Yu,Health & Fitness,2026-06-30,0,6782556587,https://apps.apple.com/jp/app/bellysignal-%E8%85%B8%E6%B4%BB%E3%83%88%E3%83%A9%E3%83%83%E3%82%AB%E3%83%BC/id6782556587?uo=4
GutAgent - 腸活排便ヘルスケア,CHUNGCHIANG HSU,Health & Fitness,2026-02-23,0,6758578854,https://apps.apple.com/jp/app/gutagent-%E8%85%B8%E6%B4%BB%E6%8E%92%E4%BE%BF%E3%83%98%E3%83%AB%E3%82%B9%E3%82%B1%E3%82%A2/id6758578854?uo=4
リンパケア・腸活サロン　杏,LYMPHCARE NTESTINAL ACTIVITYSALON ANZU,Health & Fitness,2025-10-02,0,6753279207,https://apps.apple.com/jp/app/%E3%83%AA%E3%83%B3%E3%83%91%E3%82%B1%E3%82%A2-%E8%85%B8%E6%B4%BB%E3%82%B5%E3%83%AD%E3%83%B3-%E6%9D%8F/id6753279207?uo=4
腸活レシピ - 腸内環境改善ダイエットプラン,Riafy Technologies Private Limited,Food & Drink,2024-02-22,0,6446131779,https://apps.apple.com/jp/app/%E8%85%B8%E6%B4%BB%E3%83%AC%E3%82%B7%E3%83%94-%E8%85%B8%E5%86%85%E7%92%B0%E5%A2%83%E6%94%B9%E5%96%84%E3%83%80%E3%82%A4%E3%82%A8%E3%83%83%E3%83%88%E3%83%97%E3%83%A9%E3%83%B3/id6446131779?uo=4
秘伝の腸活アプリ,KOHEI NODA,Social Networking,2025-01-10,0,6739181122,https://apps.apple.com/jp/app/%E7%A7%98%E4%BC%9D%E3%81%AE%E8%85%B8%E6%B4%BB%E3%82%A2%E3%83%97%E3%83%AA/id6739181122?uo=4
FlushFit · 腸活タイマー,NAZLI SAGOL,Health & Fitness,2026-05-20,0,6767377329,https://apps.apple.com/jp/app/flushfit-%E8%85%B8%E6%B4%BB%E3%82%BF%E3%82%A4%E3%83%9E%E3%83%BC/id6767377329?uo=4
食物繊維トラッカー: 腸活,Denis Kulkov,Health & Fitness,2026-03-02,0,6759713207,https://apps.apple.com/jp/app/%E9%A3%9F%E7%89%A9%E7%B9%8A%E7%B6%AD%E3%83%88%E3%83%A9%E3%83%83%E3%82%AB%E3%83%BC-%E8%85%B8%E6%B4%BB/id6759713207?uo=4
Lalema - AI 腸活・便記録アプリ,"Shanghai Weiju Fenghe Advertising Creative Co., Ltd",Health & Fitness,2026-04-01,0,6758989717,https://apps.apple.com/jp/app/lalema-ai-%E8%85%B8%E6%B4%BB-%E4%BE%BF%E8%A8%98%E9%8C%B2%E3%82%A2%E3%83%97%E3%83%AA/id6758989717?uo=4
Plant30: 腸活 & 食事記録,Trang Nguyen Huu,Health & Fitness,2026-06-02,0,6760579243,https://apps.apple.com/jp/app/plant30-%E8%85%B8%E6%B4%BB-%E9%A3%9F%E4%BA%8B%E8%A8%98%E9%8C%B2/id6760579243?uo=4
SensEat 食事記録 IBS 腸活 アレルギー,murat alagoz,Health & Fitness,2025-04-29,0,6743006686,https://apps.apple.com/jp/app/senseat-%E9%A3%9F%E4%BA%8B%E8%A8%98%E9%8C%B2-ibs-%E8%85%B8%E6%B4%BB-%E3%82%A2%E3%83%AC%E3%83%AB%E3%82%AE%E3%83%BC/id6743006686?uo=4
FiberUp：食物繊維・腸活・記録,Anthony Calise,Health & Fitness,2026-03-25,0,6760719879,https://apps.apple.com/jp/app/fiberup-%E9%A3%9F%E7%89%A9%E7%B9%8A%E7%B6%AD-%E8%85%B8%E6%B4%BB-%E8%A8%98%E9%8C%B2/id6760719879?uo=4
GutBrain：腸・脳・肌をつなぐ腸活アプリ,HyunJun Moon,Health & Fitness,2026-06-08,0,6776510618,https://apps.apple.com/jp/app/gutbrain-%E8%85%B8-%E8%84%B3-%E8%82%8C%E3%82%92%E3%81%A4%E3%81%AA%E3%81%90%E8%85%B8%E6%B4%BB%E3%82%A2%E3%83%97%E3%83%AA/id6776510618?uo=4
腸サポート,yuta izawa,Health & Fitness,2024-10-13,0,6736453664,https://apps.apple.com/jp/app/%E8%85%B8%E3%82%B5%E3%83%9D%E3%83%BC%E3%83%88/id6736453664?uo=4
うんこ記録！,satoshi amasaki,Health & Fitness,2026-05-26,0,6770552894,https://apps.apple.com/jp/app/%E3%81%86%E3%82%93%E3%81%93%E8%A8%98%E9%8C%B2/id6770552894?uo=4
AI 腸内環境: Gutio,Fatih Erdogan,Health & Fitness,2026-02-23,0,6758571512,https://apps.apple.com/jp/app/ai-%E8%85%B8%E5%86%85%E7%92%B0%E5%A2%83-gutio/id6758571512?uo=4
GutLog: Stool Diary & IBS Log,Igor Krupski,Health & Fitness,2025-06-19,0,6745683985,https://apps.apple.com/jp/app/gutlog-stool-diary-ibs-log/id6745683985?uo=4
お通じノート,otsuki hayato,Medical,2026-04-20,0,6762331229,https://apps.apple.com/jp/app/%E3%81%8A%E9%80%9A%E3%81%98%E3%83%8E%E3%83%BC%E3%83%88/id6762331229?uo=4
Ddonggle: うんち記録・腸活,HYEBIN KANG,Health & Fitness,2026-07-12,0,6788713166,https://apps.apple.com/jp/app/ddonggle-%E3%81%86%E3%82%93%E3%81%A1%E8%A8%98%E9%8C%B2-%E8%85%B8%E6%B4%BB/id6788713166?uo=4
GutGarden: 食事記録・うんち,Jose Gerardo Palma Duran,Health & Fitness,2026-08-20,0,6800884023,https://apps.apple.com/jp/app/gutgarden-%E9%A3%9F%E4%BA%8B%E8%A8%98%E9%8C%B2-%E3%81%86%E3%82%93%E3%81%A1/id6800884023?uo=4
PooPal - うんち記録,昶 黄,Health & Fitness,2026-04-08,0,6760744466,https://apps.apple.com/jp/app/poopal-%E3%81%86%E3%82%93%E3%81%A1%E8%A8%98%E9%8C%B2/id6760744466?uo=4
IBS Food Map: FODMAP トラッカー,BERKCAN ARSLAN,Health & Fitness,2026-08-12,0,6770628775,https://apps.apple.com/jp/app/ibs-food-map-fodmap-%E3%83%88%E3%83%A9%E3%83%83%E3%82%AB%E3%83%BC/id6770628775?uo=4
Settle: IBS & Gut Tracker,BLANKPAGE ENTERPRISE S.R.L.,Health & Fitness,2026-07-02,0,6782150508,https://apps.apple.com/jp/app/settle-ibs-gut-tracker/id6782150508?uo=4
IBS Pal: FODMAP Scanner,AKEN LTD,Health & Fitness,2025-08-07,0,6749382445,https://apps.apple.com/jp/app/ibs-pal-fodmap-scanner/id6749382445?uo=4
IBS Logs,Benjamin Lewis,Health & Fitness,2021-07-09,0,1561787791,https://apps.apple.com/jp/app/ibs-logs/id1561787791?uo=4
Gutly: Low FODMAP IBS Tracker,BORNLY ApS,Health & Fitness,2019-09-08,0,1441942351,https://apps.apple.com/jp/app/gutly-low-fodmap-ibs-tracker/id1441942351?uo=4
Tract: IBD & IBS Tracker,USMAN DAWOOD MUHAMMAD,Health & Fitness,2025-09-11,0,6751367224,https://apps.apple.com/jp/app/tract-ibd-ibs-tracker/id6751367224?uo=4
IBS Mobile,INTERNATIONAL BUSINESS SERVICE,Business,2021-10-05,0,1583900713,https://apps.apple.com/jp/app/ibs-mobile/id1583900713?uo=4
Poop Tracker - Balloon,"Balloon Gut Health Tracker, Inc",Health & Fitness,2024-01-08,0,6471620319,https://apps.apple.com/jp/app/poop-tracker-balloon/id6471620319?uo=4
IBS Cargo,Jiasaz Company ltd,Business,2024-12-25,0,6739560180,https://apps.apple.com/jp/app/ibs-cargo/id6739560180?uo=4
Belly Balance: IBS & FODMAP,Belly Balance Sverige AB,Medical,2014-12-17,0,949280275,https://apps.apple.com/jp/app/belly-balance-ibs-fodmap/id949280275?uo=4
IBS VIGYAN,Testpress Tech Labs LLP,Education,2022-04-20,0,1619772677,https://apps.apple.com/jp/app/ibs-vigyan/id1619772677?uo=4
過敏性腸症候群 IBS,Onrival LLC,Health & Fitness,2026-01-13,0,6754395816,https://apps.apple.com/jp/app/%E9%81%8E%E6%95%8F%E6%80%A7%E8%85%B8%E7%97%87%E5%80%99%E7%BE%A4-ibs/id6754395816?uo=4
The Calm Gut: IBS Hypnotherapy,Breakthrough Apps,Health & Fitness,2024-07-12,0,6503247221,https://apps.apple.com/jp/app/the-calm-gut-ibs-hypnotherapy/id6503247221?uo=4
IBS Wohnen,easysquare GmbH,Productivity,2018-08-09,0,1411260521,https://apps.apple.com/jp/app/ibs-wohnen/id1411260521?uo=4
IBS Portal,"IBS Installations-, Bewachungs- und Sicherheitstechnik GmbH",Business,2017-09-19,0,1280974362,https://apps.apple.com/jp/app/ibs-portal/id1280974362?uo=4
IBS Online,MONASABA COMPANY,Education,2021-01-21,0,1549522912,https://apps.apple.com/jp/app/ibs-online/id1549522912?uo=4
IBS Usuarios,INNOVATIVE BUSINESS SOFTWARE IBERIA SL,Productivity,2024-04-01,0,1553483988,https://apps.apple.com/jp/app/ibs-usuarios/id1553483988?uo=4
mIBS - ANS Czech Republic,"Frequentis California, Inc.",Navigation,2017-02-13,0,1158591672,https://apps.apple.com/jp/app/mibs-ans-czech-republic/id1158591672?uo=4
IBS Coach: FODMAP Diet Plan,Health. Simplified LTD,Medical,2022-01-22,0,1566098174,https://apps.apple.com/jp/app/ibs-coach-fodmap-diet-plan/id1566098174?uo=4
Tummily: Gut & IBS Tracker,Outcomes Nutrition Pty Ltd,Medical,2025-09-16,0,6745666672,https://apps.apple.com/jp/app/tummily-gut-ibs-tracker/id6745666672?uo=4
Tolly: IBS & IBD Companion,Ryan Scheinman,Health & Fitness,2026-04-22,0,6761734618,https://apps.apple.com/jp/app/tolly-ibs-ibd-companion/id6761734618?uo=4
Ib's – IBS Tracker,Efosa Omorogbe,Health & Fitness,2022-10-10,0,6443477094,https://apps.apple.com/jp/app/ibs-ibs-tracker/id6443477094?uo=4
IBS & Reflux Diet Planner,JAN KAZIMIERZ KRZACZKOWSKI,Health & Fitness,2026-04-16,0,6761606322,https://apps.apple.com/jp/app/ibs-reflux-diet-planner/id6761606322?uo=4
Gut Check: Easy IBS Tracking,Aito Ventures Pte. Ltd.,Health & Fitness,2025-08-03,0,6741740683,https://apps.apple.com/jp/app/gut-check-easy-ibs-tracking/id6741740683?uo=4
Academia @ IBS,Siddharth Badjatiya,Education,2024-12-21,0,6739699991,https://apps.apple.com/jp/app/academia-ibs/id6739699991?uo=4
Calculadora CBS IBS,OMER FARUK KIZILTUG,Finance,2026-01-22,0,6758020387,https://apps.apple.com/jp/app/calculadora-cbs-ibs/id6758020387?uo=4
My IBS Tracker: Food Log,Imge ACIKBAS,Health & Fitness,2026-05-21,0,6767547281,https://apps.apple.com/jp/app/my-ibs-tracker-food-log/id6767547281?uo=4
IBS Maintenance,INTELLIGENT BROKER SYSTEM SP Z O O,Utilities,2023-11-09,0,6471396134,https://apps.apple.com/jp/app/ibs-maintenance/id6471396134?uo=4
Bowel Mover Pro - IBS Tracker,"Track & Share Apps, LLC",Health & Fitness,2011-11-22,0,480842167,https://apps.apple.com/jp/app/bowel-mover-pro-ibs-tracker/id480842167?uo=4
Happy Gut: IBS & FODMAP,Andrei Apetroaei,Health & Fitness,2026-05-31,0,6759067963,https://apps.apple.com/jp/app/happy-gut-ibs-fodmap/id6759067963?uo=4
Qoloni: IBS & FODMAP Scanner,Ethar Shrouf,Food & Drink,2026-06-04,0,6775793872,https://apps.apple.com/jp/app/qoloni-ibs-fodmap-scanner/id6775793872?uo=4
GutLens: IBS & FODMAP Tracker,DJ APPLICATIONS,Health & Fitness,2026-03-19,0,6759645892,https://apps.apple.com/jp/app/gutlens-ibs-fodmap-tracker/id6759645892?uo=4
FODMAP Diet Guide for IBS,Fred Pedersen,Health & Fitness,2022-10-13,0,6443721269,https://apps.apple.com/jp/app/fodmap-diet-guide-for-ibs/id6443721269?uo=4
IBS Comfort,"Consul, Inc.",Health & Fitness,2025-04-15,0,6744248778,https://apps.apple.com/jp/app/ibs-comfort/id6744248778?uo=4
PooPal: Poop Log,Steve Young,Health & Fitness,2025-03-03,0,6740841041,https://apps.apple.com/jp/app/poopal-poop-log/id6740841041?uo=4
Belly Well: AI Food & Gut Scan,Luis Duran,Health & Fitness,2026-05-06,0,6762488846,https://apps.apple.com/jp/app/belly-well-ai-food-gut-scan/id6762488846?uo=4
"GentleGut: IBS, FODMAP Tracker","Ascendant Life, LLC",Health & Fitness,2026-04-18,0,6761076850,https://apps.apple.com/jp/app/gentlegut-ibs-fodmap-tracker/id6761076850?uo=4
Low FODMAP Diet for IBS & SIBO,Thomas Kraits United Kingdom Limited,Health & Fitness,2022-06-05,0,1627836914,https://apps.apple.com/jp/app/low-fodmap-diet-for-ibs-sibo/id1627836914?uo=4
IBS Buddy,MCreative Services LLP,Health & Fitness,2026-03-07,0,6759554658,https://apps.apple.com/jp/app/ibs-buddy/id6759554658?uo=4
Poop Tracker: うんちトラッカー トイレ日記,MARIAN BAZILUC,Education,2026-03-25,0,6760644928,https://apps.apple.com/jp/app/poop-tracker-%E3%81%86%E3%82%93%E3%81%A1%E3%83%88%E3%83%A9%E3%83%83%E3%82%AB%E3%83%BC-%E3%83%88%E3%82%A4%E3%83%AC%E6%97%A5%E8%A8%98/id6760644928?uo=4
GutLog AI: Food & Symptom Log,Jung Soon Shin,Health & Fitness,2026-04-23,0,6762448127,https://apps.apple.com/jp/app/gutlog-ai-food-symptom-log/id6762448127?uo=4
GutCheck 腸活セルフチェック,Martin Condet,Health & Fitness,2026-08-13,0,6762190111,https://apps.apple.com/jp/app/gutcheck-%E8%85%B8%E6%B4%BB%E3%82%BB%E3%83%AB%E3%83%95%E3%83%81%E3%82%A7%E3%83%83%E3%82%AF/id6762190111?uo=4
Low FODMAP & IBS App - FODMAPP,Telemark Software Solutions AS,Health & Fitness,2026-05-07,0,6761849984,https://apps.apple.com/jp/app/low-fodmap-ibs-app-fodmapp/id6761849984?uo=4
Puplytics：犬のうんちトラッカー,Samuel Zehr,Lifestyle,2026-05-14,0,6767871361,https://apps.apple.com/jp/app/puplytics-%E7%8A%AC%E3%81%AE%E3%81%86%E3%82%93%E3%81%A1%E3%83%88%E3%83%A9%E3%83%83%E3%82%AB%E3%83%BC/id6767871361?uo=4
Bristol Scale Logger,Mirko Vidovic,Medical,2015-07-29,0,1003036198,https://apps.apple.com/jp/app/bristol-scale-logger/id1003036198?uo=4
Bristol Stool Chart,Web Garden Limited,Health & Fitness,2016-07-01,0,1085553424,https://apps.apple.com/jp/app/bristol-stool-chart/id1085553424?uo=4
Poopalyzer - Poop Analyzer,Roman Krvavica,Health & Fitness,2016-04-30,0,1108360675,https://apps.apple.com/jp/app/poopalyzer-poop-analyzer/id1108360675?uo=4
LogStool,Luca Trabuio,Health & Fitness,2026-03-18,0,6760354305,https://apps.apple.com/jp/app/logstool/id6760354305?uo=4
BowelApp – Stool & Gut Tracker,Patrick WB Gerrits,Health & Fitness,2026-06-21,0,6776399897,https://apps.apple.com/jp/app/bowelapp-stool-gut-tracker/id6776399897?uo=4
Stooly AI,Artificial Umbrella Inc,Health & Fitness,2026-03-12,0,6759056551,https://apps.apple.com/jp/app/stooly-ai/id6759056551?uo=4
Poops - Your Bowel Ledger,Onur Yoeruek,Medical,2026-05-14,0,6767041347,https://apps.apple.com/jp/app/poops-your-bowel-ledger/id6767041347?uo=4
BowelLog - Stool Tracker,Blas Prieto,Health & Fitness,2026-03-16,0,6760383327,https://apps.apple.com/jp/app/bowellog-stool-tracker/id6760383327?uo=4
LogLog - Gut Health Tracker,Keenan Kaufman,Health & Fitness,2026-04-07,0,6761696500,https://apps.apple.com/jp/app/loglog-gut-health-tracker/id6761696500?uo=4
Doody: IBS & Gut Journal,Kelvin Anigboro,Health & Fitness,2025-05-09,0,6745105094,https://apps.apple.com/jp/app/doody-ibs-gut-journal/id6745105094?uo=4
Poop Tracker & Gut Health,Cong Le,Health & Fitness,2026-03-23,0,6760222884,https://apps.apple.com/jp/app/poop-tracker-gut-health/id6760222884?uo=4
Poop Tracker - Bowel Log Diary,Seulki Eom,Health & Fitness,2026-05-13,0,6768642218,https://apps.apple.com/jp/app/poop-tracker-bowel-log-diary/id6768642218?uo=4
PoopTracker: Gut Health AI,Atakan Erdeger,Health & Fitness,2026-04-15,0,6761611253,https://apps.apple.com/jp/app/pooptracker-gut-health-ai/id6761611253?uo=4
GutTrack - IBD Symptom Tracker,Lightbulb Labs Limited Liability Company,Health & Fitness,2026-07-22,0,6790893874,https://apps.apple.com/jp/app/guttrack-ibd-symptom-tracker/id6790893874?uo=4
Stool by Reach Point Lab,Reach Point Capital LLC,Health & Fitness,2026-04-19,0,6762166494,https://apps.apple.com/jp/app/stool-by-reach-point-lab/id6762166494?uo=4
Poop Tracker - PooNote,Augustin Villetard,Health & Fitness,2026-08-11,0,6799535696,https://apps.apple.com/jp/app/poop-tracker-poonote/id6799535696?uo=4
今日排便,江洋 汪,Health & Fitness,2026-01-21,0,6757975094,https://apps.apple.com/jp/app/%E4%BB%8A%E6%97%A5%E6%8E%92%E4%BE%BF/id6757975094?uo=4
拉了么-便秘管理,杰 马,Utilities,2026-03-03,0,6758762581,https://apps.apple.com/jp/app/%E6%8B%89%E4%BA%86%E4%B9%88-%E4%BE%BF%E7%A7%98%E7%AE%A1%E7%90%86/id6758762581?uo=4
うんこの妖精,Hyejin Kim,Health & Fitness,2021-09-28,0,1586981259,https://apps.apple.com/jp/app/%E3%81%86%E3%82%93%E3%81%93%E3%81%AE%E5%A6%96%E7%B2%BE/id1586981259?uo=4
PoopIt - うんちトラッカー&ゲーム,Jose Sanchez Gonzalez,Health & Fitness,2026-05-13,0,6763593134,https://apps.apple.com/jp/app/poopit-%E3%81%86%E3%82%93%E3%81%A1%E3%83%88%E3%83%A9%E3%83%83%E3%82%AB%E3%83%BC-%E3%82%B2%E3%83%BC%E3%83%A0/id6763593134?uo=4
食物繊維トラッカー・腸活,MOONSHOT MEDIA LIMITED,Health & Fitness,2026-08-06,0,6792833681,https://apps.apple.com/jp/app/%E9%A3%9F%E7%89%A9%E7%B9%8A%E7%B6%AD%E3%83%88%E3%83%A9%E3%83%83%E3%82%AB%E3%83%BC-%E8%85%B8%E6%B4%BB/id6792833681?uo=4
Poopify - うんちトラッカー,Enrico Mazzoli,Health & Fitness,2025-07-22,0,6744001313,https://apps.apple.com/jp/app/poopify-%E3%81%86%E3%82%93%E3%81%A1%E3%83%88%E3%83%A9%E3%83%83%E3%82%AB%E3%83%BC/id6744001313?uo=4
Low Fodmap 食事＆排便記録,Nexa Labs LLC,Health & Fitness,2026-04-17,0,6759516940,https://apps.apple.com/jp/app/low-fodmap-%E9%A3%9F%E4%BA%8B-%E6%8E%92%E4%BE%BF%E8%A8%98%E9%8C%B2/id6759516940?uo=4
PipPoopie: ベビー・睡眠・生理日記アプリ,Alina Bohuslavska,Health & Fitness,2026-03-09,0,6759508975,https://apps.apple.com/jp/app/pippoopie-%E3%83%99%E3%83%93%E3%83%BC-%E7%9D%A1%E7%9C%A0-%E7%94%9F%E7%90%86%E6%97%A5%E8%A8%98%E3%82%A2%E3%83%97%E3%83%AA/id6759508975?uo=4
PoopTracker Pro,跃凯 许,Health & Fitness,2026-08-14,0,6782294739,https://apps.apple.com/jp/app/pooptracker-pro/id6782294739?uo=4
便便日记2,云鹏 张,Health & Fitness,2026-07-31,0,6791818335,https://apps.apple.com/jp/app/%E4%BE%BF%E4%BE%BF%E6%97%A5%E8%AE%B02/id6791818335?uo=4
轻便便,涵 陈,Health & Fitness,2026-05-30,0,6773766065,https://apps.apple.com/jp/app/%E8%BD%BB%E4%BE%BF%E4%BE%BF/id6773766065?uo=4
